{"cameraMode":{"drawMode":0,"name":"Shaded","section":"Shading Mode"},"sceneLighting":true,"audioPlay":false,"sceneViewState":{"m_AlwaysRefresh":false,"showFog":true,"showSkybox":true,"showFlares":true,"showImageEffects":true,"showParticleSystems":true,"showVisualEffectGraphs":true,"m_FxEnabled":true},"in2DMode":false,"pivot":{"x":93.66424560546875,"y":27.869232177734376,"z":121.76702880859375},"rotation":{"x":-0.2629006803035736,"y":0.09331842511892319,"z":-0.025580864399671556,"w":-0.9599770903587341},"size":7.7635345458984379,"orthographic":false}